{
    "Troll": {
        "Lat": -72.0167,
        "Lon": 2.5333,
        "Alt": 0
    },
    "Svalbard": {
        "Lat": 78.229772,
        "Lon": 15.407786,
        "Alt": 0
    },
    "Inuvik": {
        "Lat": 68.4,
        "Lon": -133.5,
        "Alt": 0
    }
}
